code,close,pct_chg,signal,score,wave_gain,cons_dd,vol_ratio,stop_loss,entry,reasons
603175,97.82,0.01610055053495385,异动不跌,40,0.15664346301239473,0.02972087241496209,0.9807371668318919,84.1428,97.82,浅调3% | 多头
301176,29.76,0.03190013869625519,阳包阴,35,0.16335171014587235,0.053529608564737416,1.2556951671913763,27.7242,29.76,浅调5% | 多头
603061,247.35,0.027286319461749198,阳包阴,30,0.18716159590807147,0.05133574465384856,0.8613993925651149,201.8541525,247.35,浅调5% | 多头
002245,20.18,0.0264496439471007,阳包阴,30,0.1808601038192239,0.03160040774719679,1.0394850578549666,18.62,20.18,浅调3% | 多头
